<?xml version="1.0" encoding="UTF-8"?>
<!DOCTYPE cd SYSTEM "pregunta1.dtd">
<cd>
    <artista>
        <nombre>Cocha Piquer</nombre>
        <fechanaci>08/12/2906</fechanaci>
        <lugarnaci>Valencia</lugarnaci>
    </artista>
    <titulocd>Grandes Exitos</titulocd>
    <fechacrea>01/01/2014</fechacrea>
    <genero>Cancion Española</genero>
    <cancion>
        <titulo>Ojos Verdes</titulo>
        <duracion tiempo="minutos">2.5</duracion>
    </cancion>
    <cancion>
        <titulo>Tatuaje</titulo>
        <duracion tiempo="minutos">2.9</duracion>
    </cancion>
    <cancion>
        <titulo>Suspiros de España</titulo>
        <duracion tiempo="minutos">3.2</duracion>
    </cancion>
</cd>
